Name,Age,Date of Birth,Phone,email,City,Country
Macon Craft,41,26/06/1995,1-974-524-9713,at@Nunc.co.uk,Neiva,Trinidad and Tobago
Tarik Cardenas,53,23/12/1973,1-962-297-6501,dolor.Nulla@vitae.net,Bergisch Gladbach,Burundi
Brenden Keller,56,08/12/1972,1-362-998-8399,euismod.et.commodo@nisiaodio.edu,Kusa,"Korea, South"
Daquan Velazquez,48,19/09/1981,1-568-469-8271,urna.suscipit.nonummy@ideratEtiam.co.uk,Motala,Germany
Owen Edwards,34,02/03/1979,1-483-698-3356,Fusce.mi.lorem@gravida.co.uk,Municipal District,Turkmenistan
Beau Goff,47,11/03/1973,1-506-324-4914,Ut.semper.pretium@blanditNamnulla.co.uk,Périgueux,Isle of Man
Fritz Espinoza,35,27/12/1977,1-174-348-2525,aliquam.arcu@Sed.ca,Bhimavaram,Solomon Islands
Carl Burris,40,11/09/1984,1-608-107-6382,in@a.org,Couthuin,Comoros
Brock Andrews,59,28/04/1983,1-767-306-9849,bibendum.sed.est@Donectemporest.com,Barra do Corda,Bosnia and Herzegovina
Tiger Munoz,48,13/06/1985,1-212-441-1796,ullamcorper.Duis@tempusmauriserat.org,St. Andrä,Norfolk Island
Samuel Horne,34,28/05/1987,1-236-176-4551,Ut.semper.pretium@infelis.edu,Peutie,Saint Kitts and Nevis
Nissim Mcbride,31,03/09/1975,1-739-680-6954,Sed.dictum.Proin@dui.net,Gistel,Moldova
Nicholas Knowles,45,22/04/1986,1-747-736-6465,Morbi.accumsan.laoreet@cursusdiamat.edu,Ajax,Sint Maarten
Erich Hewitt,30,27/01/1994,1-266-737-7088,ut@ullamcorpereueuismod.co.uk,Roosbeek,Syria
Isaac Thompson,47,12/03/1977,1-254-785-5899,erat.vel@odiosagittissemper.org,Geer,"Korea, South"
Logan Becker,36,21/11/1989,1-281-119-9587,Nulla.aliquet@sitametornare.ca,Giardinello,Hong Kong
Jesse Dillon,44,14/04/1982,1-871-810-0584,pharetra.ut.pharetra@In.net,Whitewater Region Township,Palau
Phillip Goodman,52,12/10/1974,1-225-677-1093,convallis.convallis@inmagnaPhasellus.ca,Smolensk,Saint Vincent and The Grenadines
Aaron Torres,41,08/08/1980,1-174-207-9140,in.consequat.enim@liberoest.net,Porto Alegre,Tanzania
Moses Oconnor,38,05/10/1979,1-291-849-0923,elementum@fringillamilacinia.net,Blankenfelde-Mahlow,Grenada
Kenneth Hood,48,07/12/1984,1-429-719-6444,pellentesque.tellus.sem@loremvehiculaet.org,Pica,"Saint Helena, Ascension and Tristan da Cunha"
Bruce Harmon,32,30/09/1989,1-345-887-5725,iaculis@risusDuis.org,Hornsea,Slovakia
William Crane,47,07/02/1989,1-577-260-7943,eget.magna@dignissimtemporarcu.org,Port Glasgow,Montenegro
Ethan Conrad,57,14/06/1985,1-430-864-0095,bibendum@rhoncus.ca,Roosbeek,Romania
Salvador Buckley,43,26/05/1977,1-507-272-0884,Donec@atnisi.edu,Cartago,Burkina Faso
Yuli Sanford,46,24/04/1971,1-632-434-8896,mus.Proin@atarcu.ca,Rimouski,"Bonaire, Sint Eustatius and Saba"
Barrett Rosa,60,04/09/1974,1-297-283-4168,lectus@eratvel.org,Etobicoke,Lebanon
Zeph Nicholson,58,16/08/1993,1-384-558-9389,enim@Donecnon.com,Woodlands County,Montenegro
Jameson Mckee,33,11/04/1978,1-733-681-6697,lacus.Nulla@nullamagna.edu,Chaitén,Benin
Chester Little,59,17/06/1994,1-479-688-2868,Aliquam.vulputate@lectuspede.net,Holyhead,Slovenia
Nissim Huffman,54,08/04/1974,1-626-764-8717,non.luctus.sit@aliquam.com,Waterbury,Greenland
Steel Norton,42,20/08/1990,1-425-752-6351,Praesent.eu.dui@Aeneangravida.net,Richmond,Russian Federation
Axel Donovan,44,01/10/1992,1-931-705-2784,arcu@loremvitaeodio.co.uk,Savannah,Holy See (Vatican City State)
Arden Wilson,55,27/07/1977,1-887-607-7746,et.magnis.dis@diamSed.edu,Padre Hurtado,Norway
Zane Sharp,53,02/05/1992,1-405-872-6415,eu.odio@sedsem.edu,Roxboro,Haiti
Charles Hooper,42,30/06/1974,1-171-918-3516,aliquet@nibhsitamet.net,Malang,Tuvalu
Kevin Pruitt,34,25/02/1992,1-429-873-7473,suscipit.nonummy.Fusce@anteblanditviverra.ca,Bungay,Kiribati
Otto Fischer,40,09/05/1992,1-218-171-7954,enim.nec@malesuada.co.uk,Gaggio Montano,Iraq
Chancellor Armstrong,36,17/03/1972,1-776-409-6159,egestas.a.scelerisque@Sedidrisus.co.uk,Lota,Monaco
Steven Aguilar,36,26/05/1974,1-340-119-5188,eu.odio.tristique@lectus.ca,Bicester,Czech Republic
Branden Wilkinson,49,23/03/1978,1-546-539-9384,sit@ut.net,Ruda,Estonia
Dante Hines,43,22/05/1974,1-461-912-0395,Suspendisse.eleifend@nequepellentesque.edu,Vihari,Madagascar
Griffin Wilkerson,43,11/03/1984,1-834-645-2425,dapibus.id@hendreritneque.org,North Cowichan,Wallis and Futuna
Mark Nichols,51,08/01/1987,1-759-466-3326,eget.massa.Suspendisse@adipiscing.org,Montreuil,Benin
Clayton Mooney,59,22/02/1991,1-732-870-7467,ligula.Nullam@ac.ca,Ofena,Denmark
Tiger Whitley,39,11/02/1976,1-335-519-2761,et.netus@ipsumcursus.net,Westmount,New Zealand
Bruce Guthrie,56,14/08/1989,1-625-405-3996,ornare@lorem.com,Curaco de Vélez,Iceland
Cody Ellis,35,14/06/1987,1-948-861-1238,metus@felisadipiscingfringilla.edu,Multan,Israel
Herrod Howard,36,11/06/1986,1-211-520-7268,pede.Nunc.sed@nullaIntegerurna.ca,Sint-Agatha-Berchem,Turkmenistan
Castor Wilson,33,30/06/1994,1-394-276-4963,vestibulum.neque@dolorvitae.edu,Cabras,Vanuatu
Sebastian Martin,52,18/04/1986,1-168-474-0905,Morbi.neque.tellus@liberolacus.com,Tramutola,Suriname
Wang Paul,45,26/06/1981,1-942-275-0405,at.nisi@lacus.ca,Troitsk,Jersey
Garrison Rivas,38,16/01/1989,1-244-376-0326,lobortis.quam.a@eueratsemper.org,Ingolstadt,Faroe Islands
Eric Tanner,51,06/09/1974,1-428-874-8463,pede.Praesent@vel.net,Vlimmeren,Tokelau
Devin Cervantes,42,24/02/1977,1-470-108-7092,sit.amet@temporarcu.ca,Scandriglia,Costa Rica
Walter Sears,54,17/01/1988,1-452-113-9472,Nullam@Sedid.com,Lipetsk,Portugal
Caldwell Buchanan,42,23/10/1993,1-858-155-7010,magna.Lorem.ipsum@disparturientmontes.ca,Bischofshofen,American Samoa
Brennan Griffin,60,25/08/1992,1-843-303-0046,Nunc.sollicitudin@diamdictumsapien.org,Alphen aan den Rijn,Norway
Jerry Walker,51,07/07/1979,1-221-422-7928,elit.a@nequesed.net,Pazarcık,Jordan
Cody Mcconnell,41,15/10/1975,1-239-447-0420,lobortis@Quisqueornare.edu,Götzis,Nicaragua
Kadeem Berg,35,22/05/1975,1-940-823-6294,montes.nascetur@Donectempus.org,Bousval,United States Minor Outlying Islands
Keefe Hart,33,04/12/1970,1-932-724-6159,faucibus.ut.nulla@maurissagittis.net,Skegness,Falkland Islands
Hamish Rush,55,03/08/1994,1-396-376-7737,lectus.quis.massa@semmagnanec.ca,Contulmo,Italy
Hakeem Sharpe,43,11/12/1985,1-722-627-5846,elementum.dui.quis@vulputateeuodio.ca,Campina Grande,Saint Vincent and The Grenadines
Abraham Rivera,40,24/09/1982,1-271-226-6398,ridiculus.mus@ac.edu,Crewe,Faroe Islands
Tucker Vargas,54,22/06/1986,1-361-724-7042,nostra@bibendumfermentummetus.org,Águas Lindas de Goiás,Macao
Troy Oconnor,52,09/02/1989,1-435-142-4270,pede@asollicitudin.ca,Bajaur Agency,Ukraine
Judah Davenport,43,20/01/1979,1-745-826-5340,Vestibulum.ante@mauriserat.co.uk,Semarang,Chile
Jarrod Mays,38,12/01/1978,1-551-591-8806,non.arcu.Vivamus@eu.net,Cuautla,Cayman Islands
Oren Arnold,58,21/11/1981,1-743-633-1015,Nunc.sed@sitametconsectetuer.ca,Alken,Malaysia
Timon Kirk,51,26/11/1987,1-343-173-6294,nunc.est.mollis@CuraePhasellusornare.org,Balashikha,Mongolia
Kamal Duran,41,24/05/1978,1-572-108-7754,molestie.dapibus@feugiatplacerat.com,Enines,Israel
Jermaine Perez,31,14/02/1992,1-295-882-8859,pede.nec.ante@risusDonec.net,Irkutsk,Samoa
Timothy Hernandez,31,10/08/1978,1-175-886-6695,posuere.cubilia@Duisdignissimtempor.net,Sommethonne,Gabon
Graiden Sherman,59,29/01/1988,1-746-416-8090,urna.Nullam.lobortis@nequesed.net,Isle-aux-Coudres,Grenada
Rudyard Ware,36,04/08/1973,1-860-218-9285,tincidunt@metus.net,Chepén,Colombia
Dale Gillespie,43,10/09/1978,1-957-494-1685,dui@tellus.edu,Oberpullendorf,Morocco
Lester Hyde,55,11/08/1981,1-781-169-0277,a.sollicitudin@Aenean.ca,Firozabad,Guam
Akeem Greer,59,19/06/1975,1-635-212-6937,ante.iaculis@fringillaDonecfeugiat.net,Alanya,"Palestine, State of"
Cody Forbes,53,27/03/1975,1-766-969-5605,auctor.ullamcorper.nisl@porttitor.net,Coltauco,Antarctica
Drake Morgan,55,15/09/1990,1-162-857-5309,dapibus.gravida@mieleifend.com,Leval-Chaudeville,Portugal
Neville Francis,59,26/06/1985,1-914-954-7171,non.egestas@Vestibulum.co.uk,Boneffe,Qatar
Lucius Buckner,59,08/07/1989,1-681-468-2673,tempor.bibendum.Donec@aliquetnec.com,Huntly,Colombia
Baker Mooney,40,29/05/1988,1-262-861-7060,facilisi.Sed.neque@inceptos.edu,Abeokuta,Turkey
Leo Giles,58,20/08/1983,1-235-385-6512,tristique@adipiscing.ca,Crowsnest Pass,Cyprus
Alvin Harding,45,26/10/1987,1-693-388-6615,felis.orci.adipiscing@ligulaDonec.com,Acuña,Sierra Leone
Daniel Pitts,56,23/12/1980,1-674-656-8292,lectus@ultriciesligula.co.uk,Cache Creek,Saint Pierre and Miquelon
Brady Cooke,53,29/03/1971,1-438-386-9749,Proin@eueuismodac.ca,Castelnovo del Friuli,Saint Pierre and Miquelon
Driscoll Erickson,58,01/05/1990,1-966-695-8254,a@orci.co.uk,Souvret,Spain
Rudyard Miranda,42,24/07/1993,1-787-312-0512,laoreet.lectus@euerat.net,Vienna,Guadeloupe
Jamal Drake,50,20/03/1976,1-774-918-8445,at@nisiCumsociis.org,Hondelange,French Southern Territories
Melvin Kemp,55,19/05/1981,1-443-611-4561,mattis.ornare@Quisquenonummy.ca,Godhra,Jordan
Abel Sims,48,01/08/1978,1-470-225-4188,ipsum.Suspendisse.non@liberolacus.com,North Bay,France
Jerry Perez,48,29/11/1983,1-306-131-3956,Curabitur.sed.tortor@et.edu,Icheon,Norway
Aladdin Mclean,46,09/01/1988,1-406-419-6096,Pellentesque.tincidunt.tempus@ataugue.com,Qualicum Beach,Jordan
Walter Ewing,54,22/08/1993,1-404-844-6124,lorem.Donec@turpisvitaepurus.co.uk,Rocca Massima,Saudi Arabia
Jelani Olsen,35,16/08/1973,1-385-970-5429,tristique@Loremipsumdolor.co.uk,Gespeg,Saint Kitts and Nevis
Hedley Ingram,38,08/12/1994,1-332-297-0424,neque.sed@nuncsedlibero.com,Mottola,New Caledonia
Honorato Graves,48,10/02/1990,1-818-678-4355,ante.Nunc@scelerisque.ca,El Tambo,Jordan
Colton Nelson,36,19/09/1972,1-866-555-9918,leo.Cras.vehicula@Ut.co.uk,Nanded,Singapore